<?xml version="1.0" encoding="UTF-8"?>
<persistence xmlns="http://java.sun.com/xml/ns/persistence"
             xmlns:xsi="http://www.w3.org/2001/XMLSchema-instance"
             xsi:schemaLocation="http://java.sun.com/xml/ns/persistence
                      http://java.sun.com/xml/ns/persistence/persistence_2_0.xsd"
             version="2.0">

    <persistence-unit name="JPA-PU" transaction-type="RESOURCE_LOCAL">
        <provider>org.hibernate.jpa.HibernatePersistenceProvider</provider>
        <class>com.cts.entities.entities.User</class>
        <properties>
            <property name="jakarta.persistence.jdbc.url" value="jdbc:mysql://localhost:3306/ctsdb"/>
            <property name="jakarta.persistence.jdbc.driver_class" value="com.mysql.cj.jdbc.Driver"/>
            <property name="jakarta.persistence.jdbc.user" value="reni"/>
            <property name="jakarta.persistence.jdbc.password" value="password"/>
            <property name="hibernate.show_sql" value="true"/>
            <property name="hibernate.hbm2ddl.auto" value="update"/>

        </properties>
    </persistence-unit>


</persistence>